material_source,material_title,material_date,material_url,material_reference,link_type,matched_terms,evidence_summary
canva,AI Friend or Foe? – Tekoäly: ystävä vai vihollinen?,2026-05-07,https://www.canva.com/design/DAHI6X6dR_g/_Jy-hfDeDZU5UA6DVkWjrQ/view,src/_data/canva-presentations.json#1,possible_teaching_material_no_confirmed_course,ai literacy,"Aihe liittyy opetukseen (ai literacy), mutta Canva-metadatasta ei löytynyt kurssikoodia tai virallista kurssinimeä. Ei sidota kurssiin ilman käsin varmistettua kytkentää."
canva,Sivistysverkosto 4.5.,2026-05-04,https://canva.link/vqtdccorb3yxb9h,src/_data/canva-presentations.json#2,possible_teaching_material_no_confirmed_course,"tekoäly; tekoaly; koulutus","Materiaalissa on opetukseen tai oppimiseen liittyviä tunnisteita (tekoäly, tekoaly, koulutus), mutta kurssikoodia tai lähdeaineiston mukaista kurssinimeä ei löytynyt."
canva,ITK2026 millaisia ovat tekoälyaikakauden opettajaprofiilit,2026-04-23,https://canva.link/0esdy3ncxld18eo,src/_data/canva-presentations.json#3,possible_teaching_material_no_confirmed_course,"tekoäly; tekoaly","Materiaalissa on opetukseen tai oppimiseen liittyviä tunnisteita (tekoäly, tekoaly), mutta kurssikoodia tai lähdeaineiston mukaista kurssinimeä ei löytynyt."
canva,ITK Keynote 2026,2026-04-21,https://canva.link/3jrd9fl161kwo7z,src/_data/canva-presentations.json#4,possible_teaching_material_no_confirmed_course,tekoälylukutaito,"Aihe liittyy opetukseen (tekoälylukutaito), mutta Canva-metadatasta ei löytynyt kurssikoodia tai virallista kurssinimeä. Ei sidota kurssiin ilman käsin varmistettua kytkentää."
canva,OPH esitys 18.3.,2026-03-17,https://canva.link/epspgvg60zgkj4s,src/_data/canva-presentations.json#6,possible_teaching_material_no_confirmed_course,"opetus; tekoäly; tekoaly","Materiaalissa on opetukseen tai oppimiseen liittyviä tunnisteita (opetus, tekoäly, tekoaly), mutta kurssikoodia tai lähdeaineiston mukaista kurssinimeä ei löytynyt."
canva,"Riko, rakenna ja ymmärrä – Kohti kriittistä tekoälylukutaitoa",2026-02-16,https://www.canva.com/d/Qj3UMnjU3RwRv7P,src/_data/canva-presentations.json#31,possible_teaching_material_no_confirmed_course,tekoälylukutaito,"Aihe liittyy opetukseen (tekoälylukutaito), mutta Canva-metadatasta ei löytynyt kurssikoodia tai virallista kurssinimeä. Ei sidota kurssiin ilman käsin varmistettua kytkentää."
canva,Ihmeitä tekevä tekoäly vai tavallinen työkalu? – VESO 2026,2026-01-22,https://www.canva.com/d/aTM5lGaNw5NYCtj,src/_data/canva-presentations.json#32,possible_teaching_material_no_confirmed_course,tekoälylukutaito,"Aihe liittyy opetukseen (tekoälylukutaito), mutta Canva-metadatasta ei löytynyt kurssikoodia tai virallista kurssinimeä. Ei sidota kurssiin ilman käsin varmistettua kytkentää."
canva,VESO 2026 – Tekoäly opetuksessa,2026-01-21,https://www.canva.com/d/DCBR_muSwblqYUG,src/_data/canva-presentations.json#33,possible_teaching_material_no_confirmed_course,"tekoäly; tekoaly; koulutus","Materiaalissa on opetukseen tai oppimiseen liittyviä tunnisteita (tekoäly, tekoaly, koulutus), mutta kurssikoodia tai lähdeaineiston mukaista kurssinimeä ei löytynyt."
canva,"Konenäkö, vibe coding ja robotiikka – Robokampus 2026",2026-01-20,https://www.canva.com/d/9vbIlfCJtVMnz0L,src/_data/canva-presentations.json#34,possible_teaching_material_no_confirmed_course,"tekoäly; tekoaly","Materiaalissa on opetukseen tai oppimiseen liittyviä tunnisteita (tekoäly, tekoaly), mutta kurssikoodia tai lähdeaineiston mukaista kurssinimeä ei löytynyt."
canva,Tekoälyagentit,2025-11-18,https://www.canva.com/d/EAMOOLnvrmnE_0g,src/_data/canva-presentations.json#35,possible_teaching_material_no_confirmed_course,koulutus,"Materiaalissa on opetukseen tai oppimiseen liittyviä tunnisteita (koulutus), mutta kurssikoodia tai lähdeaineiston mukaista kurssinimeä ei löytynyt."
canva,Tekoäly opettajan työkaluna,2025-11-17,https://www.canva.com/d/NwJZ8FVrbTIF80L,src/_data/canva-presentations.json#36,possible_teaching_material_no_confirmed_course,tekoäly opettajan työkaluna,"Aihe liittyy opetukseen (tekoäly opettajan työkaluna), mutta Canva-metadatasta ei löytynyt kurssikoodia tai virallista kurssinimeä. Ei sidota kurssiin ilman käsin varmistettua kytkentää."
canva,Opettaja tekoälyn ja -älyttömyyden turbulenssissa,2025-10-30,https://www.canva.com/d/A3EfkY3y1avAegc,src/_data/canva-presentations.json#37,possible_teaching_material_no_confirmed_course,tekoälylukutaito,"Aihe liittyy opetukseen (tekoälylukutaito), mutta Canva-metadatasta ei löytynyt kurssikoodia tai virallista kurssinimeä. Ei sidota kurssiin ilman käsin varmistettua kytkentää."
canva,Digipedailtapäivä – Tekoäly opetuksessa,2025-10-29,https://www.canva.com/d/fMchhKOJuh9LPSe,src/_data/canva-presentations.json#38,possible_teaching_material_no_confirmed_course,tekoälylukutaito,"Aihe liittyy opetukseen (tekoälylukutaito), mutta Canva-metadatasta ei löytynyt kurssikoodia tai virallista kurssinimeä. Ei sidota kurssiin ilman käsin varmistettua kytkentää."
canva,Kuinka tekoäly toimii? – Webinaari,2025-10-21,https://www.canva.com/d/7IyyLkfG4NvVNFy,src/_data/canva-presentations.json#39,possible_teaching_material_no_confirmed_course,"tekoäly; tekoaly; webinaari","Materiaalissa on opetukseen tai oppimiseen liittyviä tunnisteita (tekoäly, tekoaly, webinaari), mutta kurssikoodia tai lähdeaineiston mukaista kurssinimeä ei löytynyt."
canva,Tekoälylukutaitoinen digiosaaja – Millaisia taitoja opettajalla tulisi olla?,2025-10-07,https://www.canva.com/d/RIjexbw0vJhknqR,src/_data/canva-presentations.json#40,possible_teaching_material_no_confirmed_course,tekoälylukutaito,"Aihe liittyy opetukseen (tekoälylukutaito), mutta Canva-metadatasta ei löytynyt kurssikoodia tai virallista kurssinimeä. Ei sidota kurssiin ilman käsin varmistettua kytkentää."
canva,Tekoäly: opettajan ystävä vai vihollinen? Matkalla kohti tekoälylukutaitoa,2025-09-30,https://www.canva.com/d/HkRvziyrg2IqL5S,src/_data/canva-presentations.json#41,possible_teaching_material_no_confirmed_course,tekoälylukutaito,"Aihe liittyy opetukseen (tekoälylukutaito), mutta Canva-metadatasta ei löytynyt kurssikoodia tai virallista kurssinimeä. Ei sidota kurssiin ilman käsin varmistettua kytkentää."
canva,Tekoäly yhdistystoiminnassa,2025-09-10,https://www.canva.com/d/IMm6-JD8PRTBK2F,src/_data/canva-presentations.json#42,possible_teaching_material_no_confirmed_course,"tekoäly; tekoaly","Materiaalissa on opetukseen tai oppimiseen liittyviä tunnisteita (tekoäly, tekoaly), mutta kurssikoodia tai lähdeaineiston mukaista kurssinimeä ei löytynyt."
canva,Teachable Machine and Somekone – Demo Session EARLI 2025,2025-08-24,https://canva.link/d6kheuhj8xk6m3h,src/_data/canva-presentations.json#11,possible_teaching_material_no_confirmed_course,ai literacy,"Aihe liittyy opetukseen (ai literacy), mutta Canva-metadatasta ei löytynyt kurssikoodia tai virallista kurssinimeä. Ei sidota kurssiin ilman käsin varmistettua kytkentää."
canva,"AI, Friend or Foe? (EN)",2025-08-18,https://www.canva.com/d/Cms-4m8mJZ9yK4e,src/_data/canva-presentations.json#43,possible_teaching_material_no_confirmed_course,ai literacy,"Aihe liittyy opetukseen (ai literacy), mutta Canva-metadatasta ei löytynyt kurssikoodia tai virallista kurssinimeä. Ei sidota kurssiin ilman käsin varmistettua kytkentää."
canva,"Tekoäly, ystävä vai vihollinen? (FIN)",2025-08-18,https://www.canva.com/d/sdrdv3W33qRpdA8,src/_data/canva-presentations.json#44,possible_teaching_material_no_confirmed_course,tekoälylukutaito,"Aihe liittyy opetukseen (tekoälylukutaito), mutta Canva-metadatasta ei löytynyt kurssikoodia tai virallista kurssinimeä. Ei sidota kurssiin ilman käsin varmistettua kytkentää."
canva,How to Teach AI Literacy to Primary School Children,2025-08-14,https://canva.link/njzgya3gi1x98h7,src/_data/canva-presentations.json#12,possible_teaching_material_no_confirmed_course,tekoälylukutaito,"Aihe liittyy opetukseen (tekoälylukutaito), mutta Canva-metadatasta ei löytynyt kurssikoodia tai virallista kurssinimeä. Ei sidota kurssiin ilman käsin varmistettua kytkentää."
canva,Tekoälyluento ja työpaja (EN),2025-08-05,https://www.canva.com/d/Th9VKpjA84-sgKY,src/_data/canva-presentations.json#45,possible_teaching_material_no_confirmed_course,ai literacy,"Aihe liittyy opetukseen (ai literacy), mutta Canva-metadatasta ei löytynyt kurssikoodia tai virallista kurssinimeä. Ei sidota kurssiin ilman käsin varmistettua kytkentää."
canva,Tekoälyluento ja työpaja (FIN),2025-08-04,https://www.canva.com/d/jT1t-KBLsuVoxiG,src/_data/canva-presentations.json#46,possible_teaching_material_no_confirmed_course,tekoälylukutaito,"Aihe liittyy opetukseen (tekoälylukutaito), mutta Canva-metadatasta ei löytynyt kurssikoodia tai virallista kurssinimeä. Ei sidota kurssiin ilman käsin varmistettua kytkentää."
canva,Miksi some koukuttaa? Somekoneen uusi työkalu,2025-05-15,https://canva.link/zbw32teldfkpf43,src/_data/canva-presentations.json#13,possible_teaching_material_no_confirmed_course,media,"Materiaalissa on opetukseen tai oppimiseen liittyviä tunnisteita (media), mutta kurssikoodia tai lähdeaineiston mukaista kurssinimeä ei löytynyt."
canva,Tekoälyn vaikutuksia korkeakoulupedagogiikkaan,2025-05-11,https://www.canva.com/d/qxV96znMIpZ5Q2a,src/_data/canva-presentations.json#47,possible_teaching_material_no_confirmed_course,tekoälylukutaito,"Aihe liittyy opetukseen (tekoälylukutaito), mutta Canva-metadatasta ei löytynyt kurssikoodia tai virallista kurssinimeä. Ei sidota kurssiin ilman käsin varmistettua kytkentää."
canva,Älyä! Teko! Tekoälyajan kognitiiviset työkalut ja ydintaidot,2025-05-05,https://www.canva.com/d/nJE4skdc9hohwL0,src/_data/canva-presentations.json#48,possible_teaching_material_no_confirmed_course,tekoälylukutaito,"Aihe liittyy opetukseen (tekoälylukutaito), mutta Canva-metadatasta ei löytynyt kurssikoodia tai virallista kurssinimeä. Ei sidota kurssiin ilman käsin varmistettua kytkentää."
canva,ITK2025 Areena,2025-04-24,https://canva.link/0wntulrm8xeayqa,src/_data/canva-presentations.json#14,possible_teaching_material_no_confirmed_course,tekoälylukutaito,"Aihe liittyy opetukseen (tekoälylukutaito), mutta Canva-metadatasta ei löytynyt kurssikoodia tai virallista kurssinimeä. Ei sidota kurssiin ilman käsin varmistettua kytkentää."
canva,Miksi some koukuttaa? Miten tekoäly toimii? – ITK2025 Foorum,2025-04-22,https://www.canva.com/d/BHFIfQOhEw4ABCA,src/_data/canva-presentations.json#15,possible_teaching_material_no_confirmed_course,"media; tekoäly; tekoaly","Materiaalissa on opetukseen tai oppimiseen liittyviä tunnisteita (media, tekoäly, tekoaly), mutta kurssikoodia tai lähdeaineiston mukaista kurssinimeä ei löytynyt."
canva,Miten tekoälyn kehitys on muuttanut korkeakoulujen toimintaa?,2025-04-14,https://www.canva.com/d/gkvZ4JJwmVa0Knk,src/_data/canva-presentations.json#49,possible_teaching_material_no_confirmed_course,tekoälylukutaito,"Aihe liittyy opetukseen (tekoälylukutaito), mutta Canva-metadatasta ei löytynyt kurssikoodia tai virallista kurssinimeä. Ei sidota kurssiin ilman käsin varmistettua kytkentää."
canva,Tekoäly arjessa – Helsinki Education HUB,2025-04-09,https://www.canva.com/d/Un4WxPZdZD5qG6a,src/_data/canva-presentations.json#16,possible_teaching_material_no_confirmed_course,"luento; media; tekoäly; tekoaly","Materiaalissa on opetukseen tai oppimiseen liittyviä tunnisteita (luento, media, tekoäly, tekoaly), mutta kurssikoodia tai lähdeaineiston mukaista kurssinimeä ei löytynyt."
canva,Robotiikkaa ja selitettävää tekoälyä – Opetettavan koneen ja Somekoneen uudet ominaisuudet,2025-03-20,https://www.canva.com/d/CRypZKJybJhhwBd,src/_data/canva-presentations.json#17,possible_teaching_material_no_confirmed_course,"tekoäly; tekoaly","Materiaalissa on opetukseen tai oppimiseen liittyviä tunnisteita (tekoäly, tekoaly), mutta kurssikoodia tai lähdeaineiston mukaista kurssinimeä ei löytynyt."
canva,Generation AI – Esittely japanilaiselle vieraalle,2025-03-18,https://www.canva.com/d/qx9PoFlOBrBceoH,src/_data/canva-presentations.json#18,possible_teaching_material_no_confirmed_course,ai literacy,"Aihe liittyy opetukseen (ai literacy), mutta Canva-metadatasta ei löytynyt kurssikoodia tai virallista kurssinimeä. Ei sidota kurssiin ilman käsin varmistettua kytkentää."
canva,Selitettävä tekoäly opetuksessa – ITK-webinaari,2025-03-11,https://www.canva.com/d/jkh6GGDWw4nOc3_,src/_data/canva-presentations.json#19,possible_teaching_material_no_confirmed_course,"tekoäly; tekoaly; webinaari","Materiaalissa on opetukseen tai oppimiseen liittyviä tunnisteita (tekoäly, tekoaly, webinaari), mutta kurssikoodia tai lähdeaineiston mukaista kurssinimeä ei löytynyt."
canva,Generative AI as a Tool to Adapt Teaching to Learner's Needs,2025-02-25,https://www.canva.com/d/qX_3Ld__WgjScWJ,src/_data/canva-presentations.json#20,possible_teaching_material_no_confirmed_course,"learning; tekoäly; tekoaly","Materiaalissa on opetukseen tai oppimiseen liittyviä tunnisteita (learning, tekoäly, tekoaly), mutta kurssikoodia tai lähdeaineiston mukaista kurssinimeä ei löytynyt."
canva,"Generative AI as a Professional Tool – Agent, Coach or Friend?",2025-02-05,https://www.canva.com/d/z50JNAQrXmpHanN,src/_data/canva-presentations.json#21,possible_teaching_material_no_confirmed_course,tekoälylukutaito,"Aihe liittyy opetukseen (tekoälylukutaito), mutta Canva-metadatasta ei löytynyt kurssikoodia tai virallista kurssinimeä. Ei sidota kurssiin ilman käsin varmistettua kytkentää."
canva,"Tekoäly, opettajan työ ja arvioinnin muutos",2025-02-04,https://www.canva.com/d/aDY3w1A8bLJm0kr,src/_data/canva-presentations.json#51,possible_teaching_material_no_confirmed_course,"tekoäly; tekoaly","Materiaalissa on opetukseen tai oppimiseen liittyviä tunnisteita (tekoäly, tekoaly), mutta kurssikoodia tai lähdeaineiston mukaista kurssinimeä ei löytynyt."
canva,Voiko tekoälyn käyttöä oikeasti kieltää?,2025-02-03,https://www.canva.com/d/OhD7wKtj_XV-VGg,src/_data/canva-presentations.json#52,possible_teaching_material_no_confirmed_course,tekoälylukutaito,"Aihe liittyy opetukseen (tekoälylukutaito), mutta Canva-metadatasta ei löytynyt kurssikoodia tai virallista kurssinimeä. Ei sidota kurssiin ilman käsin varmistettua kytkentää."
canva,Generatiivinen tekoäly – Tekoäly työkaluna III,2025-01-16,https://www.canva.com/d/I-r13uz6Wiip2cC,src/_data/canva-presentations.json#53,possible_teaching_material_no_confirmed_course,"tekoäly; tekoaly","Materiaalissa on opetukseen tai oppimiseen liittyviä tunnisteita (tekoäly, tekoaly), mutta kurssikoodia tai lähdeaineiston mukaista kurssinimeä ei löytynyt."
canva,Innokas 2025 – Muutama sananen selitettävästä tekoälystä,2025-01-16,https://canva.link/nteaui2pa0a3zom,src/_data/canva-presentations.json#8,possible_teaching_material_no_confirmed_course,tekoälylukutaito,"Aihe liittyy opetukseen (tekoälylukutaito), mutta Canva-metadatasta ei löytynyt kurssikoodia tai virallista kurssinimeä. Ei sidota kurssiin ilman käsin varmistettua kytkentää."
canva,Miten tekoäly toimii? Miksi some koukuttaa?,2025-01-16,https://www.canva.com/d/Mh-ALQxZX1-EQaB,src/_data/canva-presentations.json#55,possible_teaching_material_no_confirmed_course,"media; tekoäly; tekoaly","Materiaalissa on opetukseen tai oppimiseen liittyviä tunnisteita (media, tekoäly, tekoaly), mutta kurssikoodia tai lähdeaineiston mukaista kurssinimeä ei löytynyt."
canva,Tekoäly osana arkisia sovelluksia,2025-01-16,https://www.canva.com/d/4zq6qy9B3GX9FQK,src/_data/canva-presentations.json#54,possible_teaching_material_no_confirmed_course,"opetus; tekoäly; tekoaly","Materiaalissa on opetukseen tai oppimiseen liittyviä tunnisteita (opetus, tekoäly, tekoaly), mutta kurssikoodia tai lähdeaineiston mukaista kurssinimeä ei löytynyt."
canva,Tekoälyosaamista kieltenopetukseen,2025-01-10,https://www.canva.com/d/uZIb__sx1r4EAqT,src/_data/canva-presentations.json#22,possible_teaching_material_no_confirmed_course,"luento; opetus; tekoäly; tekoaly","Materiaalissa on opetukseen tai oppimiseen liittyviä tunnisteita (luento, opetus, tekoäly, tekoaly), mutta kurssikoodia tai lähdeaineiston mukaista kurssinimeä ei löytynyt."
canva,Tekoälyn ajankohtaiskatsaus – OTAVIA 2025,2025-01-02,https://www.canva.com/d/I1SYHLZ9wRiCanl,src/_data/canva-presentations.json#56,possible_teaching_material_no_confirmed_course,"tekoäly; tekoaly","Materiaalissa on opetukseen tai oppimiseen liittyviä tunnisteita (tekoäly, tekoaly), mutta kurssikoodia tai lähdeaineiston mukaista kurssinimeä ei löytynyt."
canva,Digitutorit 2024 – Tekoäly opetuksessa,2024-12-10,https://www.canva.com/d/BwG8adUhENZ7jrX,src/_data/canva-presentations.json#57,possible_teaching_material_no_confirmed_course,"tekoäly; tekoaly; koulutus","Materiaalissa on opetukseen tai oppimiseen liittyviä tunnisteita (tekoäly, tekoaly, koulutus), mutta kurssikoodia tai lähdeaineiston mukaista kurssinimeä ei löytynyt."
canva,Learning AI Literacy in Collaborative Projects with an AI Education Tool,2024-12-10,https://www.canva.com/d/UigBOzdI_YhoZZG,src/_data/canva-presentations.json#23,possible_teaching_material_no_confirmed_course,Collaborative Learning,"Aihe liittyy opetukseen (Collaborative Learning), mutta Canva-metadatasta ei löytynyt kurssikoodia tai virallista kurssinimeä. Ei sidota kurssiin ilman käsin varmistettua kytkentää."
canva,DIGIERKO 2024 – Risteilyesitys,2024-11-29,https://www.canva.com/d/LxK-UqOjO0Ti57w,src/_data/canva-presentations.json#58,possible_teaching_material_no_confirmed_course,tekoälylukutaito,"Aihe liittyy opetukseen (tekoälylukutaito), mutta Canva-metadatasta ei löytynyt kurssikoodia tai virallista kurssinimeä. Ei sidota kurssiin ilman käsin varmistettua kytkentää."
canva,Annie Advisor – Generative AI as a Tool to Adapt Teaching,2024-11-05,https://www.canva.com/d/y4oM9QaEQrxs2Lq,src/_data/canva-presentations.json#24,possible_teaching_material_no_confirmed_course,"learning; tekoäly; tekoaly","Materiaalissa on opetukseen tai oppimiseen liittyviä tunnisteita (learning, tekoäly, tekoaly), mutta kurssikoodia tai lähdeaineiston mukaista kurssinimeä ei löytynyt."
canva,Generation AI Workshop,2024-11-05,https://www.canva.com/d/-eSwZknSARYMaO9,src/_data/canva-presentations.json#25,possible_teaching_material_no_confirmed_course,tekoälylukutaito,"Aihe liittyy opetukseen (tekoälylukutaito), mutta Canva-metadatasta ei löytynyt kurssikoodia tai virallista kurssinimeä. Ei sidota kurssiin ilman käsin varmistettua kytkentää."
canva,International Conference on the Advancement of STEAM 2024,2024-10-28,https://www.canva.com/d/CYteD0Z-U5Z6TzJ,src/_data/canva-presentations.json#26,possible_teaching_material_no_confirmed_course,steam education,"Aihe liittyy opetukseen (steam education), mutta Canva-metadatasta ei löytynyt kurssikoodia tai virallista kurssinimeä. Ei sidota kurssiin ilman käsin varmistettua kytkentää."
canva,Tekoälyluento – OSYK,2024-10-08,https://www.canva.com/d/H13QgkxVZpEyel5,src/_data/canva-presentations.json#60,possible_teaching_material_no_confirmed_course,"media; tekoäly; tekoaly","Materiaalissa on opetukseen tai oppimiseen liittyviä tunnisteita (media, tekoäly, tekoaly), mutta kurssikoodia tai lähdeaineiston mukaista kurssinimeä ei löytynyt."
canva,Opopassi-koulutus – Tekoäly ohjauksessa,2024-10-03,https://www.canva.com/d/hmeIKU2KmombmX2,src/_data/canva-presentations.json#61,possible_teaching_material_no_confirmed_course,tekoälylukutaito,"Aihe liittyy opetukseen (tekoälylukutaito), mutta Canva-metadatasta ei löytynyt kurssikoodia tai virallista kurssinimeä. Ei sidota kurssiin ilman käsin varmistettua kytkentää."
canva,AVI-koulutus – Tekoäly opetuksessa,2024-10-01,https://www.canva.com/d/o2KsaiK39PKEN2g,src/_data/canva-presentations.json#62,possible_teaching_material_no_confirmed_course,tekoälylukutaito,"Aihe liittyy opetukseen (tekoälylukutaito), mutta Canva-metadatasta ei löytynyt kurssikoodia tai virallista kurssinimeä. Ei sidota kurssiin ilman käsin varmistettua kytkentää."
canva,Monilukutaito on opettajan supervoima – Tekoälylukutaito,2024-09-26,https://www.canva.com/d/DUFz3anJzfZmV8G,src/_data/canva-presentations.json#63,possible_teaching_material_no_confirmed_course,tekoälylukutaito,"Aihe liittyy opetukseen (tekoälylukutaito), mutta Canva-metadatasta ei löytynyt kurssikoodia tai virallista kurssinimeä. Ei sidota kurssiin ilman käsin varmistettua kytkentää."
canva,Tekoäly on jo kaikkialla – Miten ilmiötä tulisi lähestyä?,2024-09-26,https://www.canva.com/d/F5-Wd95VzJy0JoP,src/_data/canva-presentations.json#64,possible_teaching_material_no_confirmed_course,tekoälylukutaito,"Aihe liittyy opetukseen (tekoälylukutaito), mutta Canva-metadatasta ei löytynyt kurssikoodia tai virallista kurssinimeä. Ei sidota kurssiin ilman käsin varmistettua kytkentää."
canva,Tekoälytyökalut – Webinaari 2024,2024-09-24,https://www.canva.com/d/m5VefIslzj_iYuG,src/_data/canva-presentations.json#65,possible_teaching_material_no_confirmed_course,tekoälylukutaito,"Aihe liittyy opetukseen (tekoälylukutaito), mutta Canva-metadatasta ei löytynyt kurssikoodia tai virallista kurssinimeä. Ei sidota kurssiin ilman käsin varmistettua kytkentää."
canva,Tekoäly arjessa – EDUTEN/Opinvirta,2024-09-19,https://www.canva.com/d/WNfJmky8Se8aUa6,src/_data/canva-presentations.json#66,possible_teaching_material_no_confirmed_course,"media; tekoäly; tekoaly","Materiaalissa on opetukseen tai oppimiseen liittyviä tunnisteita (media, tekoäly, tekoaly), mutta kurssikoodia tai lähdeaineiston mukaista kurssinimeä ei löytynyt."
canva,VESO 2024 – Tekoäly opetuksessa,2024-08-30,https://www.canva.com/d/i5qAHZkGYqjOGZV,src/_data/canva-presentations.json#67,possible_teaching_material_no_confirmed_course,"tekoäly; tekoaly; koulutus","Materiaalissa on opetukseen tai oppimiseen liittyviä tunnisteita (tekoäly, tekoaly, koulutus), mutta kurssikoodia tai lähdeaineiston mukaista kurssinimeä ei löytynyt."
canva,VESO elokuu 2024 – Tekoäly koulussa,2024-08-30,https://www.canva.com/d/H8tSyhG_9jcwRpr,src/_data/canva-presentations.json#68,possible_teaching_material_no_confirmed_course,"tekoäly; tekoaly","Materiaalissa on opetukseen tai oppimiseen liittyviä tunnisteita (tekoäly, tekoaly), mutta kurssikoodia tai lähdeaineiston mukaista kurssinimeä ei löytynyt."
canva,VESO 2024 – Tekoäly oppimassa ja opettamassa,2024-08-05,https://www.canva.com/d/SiQ1lIJLHO9eT0t,src/_data/canva-presentations.json#69,possible_teaching_material_no_confirmed_course,"media; tekoäly; tekoaly","Materiaalissa on opetukseen tai oppimiseen liittyviä tunnisteita (media, tekoäly, tekoaly), mutta kurssikoodia tai lähdeaineiston mukaista kurssinimeä ei löytynyt."
canva,From EU AI Act to National AI Guidelines,2024-06-27,https://www.canva.com/d/c8WhYSwnqMjsYUZ,src/_data/canva-presentations.json#28,possible_teaching_material_no_confirmed_course,ai literacy,"Aihe liittyy opetukseen (ai literacy), mutta Canva-metadatasta ei löytynyt kurssikoodia tai virallista kurssinimeä. Ei sidota kurssiin ilman käsin varmistettua kytkentää."
canva,Fedutalk – Generative AI in Education,2024-06-26,https://www.canva.com/d/tjjrZpkP2brKCKh,src/_data/canva-presentations.json#29,possible_teaching_material_no_confirmed_course,"tekoäly; tekoaly; koulutus","Materiaalissa on opetukseen tai oppimiseen liittyviä tunnisteita (tekoäly, tekoaly, koulutus), mutta kurssikoodia tai lähdeaineiston mukaista kurssinimeä ei löytynyt."
canva,Fedutalk – Generative AI in Education (Kosovo),2024-06-26,https://canva.link/gkabrxufe8dhnjp,src/_data/canva-presentations.json#9,possible_teaching_material_no_confirmed_course,ai literacy,"Aihe liittyy opetukseen (ai literacy), mutta Canva-metadatasta ei löytynyt kurssikoodia tai virallista kurssinimeä. Ei sidota kurssiin ilman käsin varmistettua kytkentää."
canva,FCLAB ja norssit – Generation AI,2024-04-17,https://www.canva.com/d/yBTK1xtETo0tuLp,src/_data/canva-presentations.json#70,possible_teaching_material_no_confirmed_course,fab lab,"Aihe liittyy opetukseen (fab lab), mutta Canva-metadatasta ei löytynyt kurssikoodia tai virallista kurssinimeä. Ei sidota kurssiin ilman käsin varmistettua kytkentää."
canva,ITK2024,2024-04-12,https://www.canva.com/d/1U8nu6YXdIOguXc,src/_data/canva-presentations.json#30,possible_teaching_material_no_confirmed_course,"tekoäly; tekoaly","Materiaalissa on opetukseen tai oppimiseen liittyviä tunnisteita (tekoäly, tekoaly), mutta kurssikoodia tai lähdeaineiston mukaista kurssinimeä ei löytynyt."
canva,Tekoäly opettajan työkaluna – Inspiraatiosessio,2024-03-13,https://www.canva.com/d/S9UhE1RwcwtuNMz,src/_data/canva-presentations.json#71,possible_teaching_material_no_confirmed_course,tekoäly opettajan työkaluna,"Aihe liittyy opetukseen (tekoäly opettajan työkaluna), mutta Canva-metadatasta ei löytynyt kurssikoodia tai virallista kurssinimeä. Ei sidota kurssiin ilman käsin varmistettua kytkentää."
canva,Kuntaliitto digiverkosto – Tekoäly koulutuksessa,2024-03-11,https://www.canva.com/d/rcjGtO0E3RNGeXW,src/_data/canva-presentations.json#72,possible_teaching_material_no_confirmed_course,"tekoäly; tekoaly","Materiaalissa on opetukseen tai oppimiseen liittyviä tunnisteita (tekoäly, tekoaly), mutta kurssikoodia tai lähdeaineiston mukaista kurssinimeä ei löytynyt."
canva,OAJ SAUNA – Tekoäly ja opettajuus,2024-02-06,https://www.canva.com/d/tjqmy-4Lc_5j41O,src/_data/canva-presentations.json#74,possible_teaching_material_no_confirmed_course,"tekoäly; tekoaly","Materiaalissa on opetukseen tai oppimiseen liittyviä tunnisteita (tekoäly, tekoaly), mutta kurssikoodia tai lähdeaineiston mukaista kurssinimeä ei löytynyt."
canva,OPH-webinaari – Tekoäly opetuksessa 2023,2023-11-20,https://www.canva.com/d/d6ho42WobmfnVvc,src/_data/canva-presentations.json#75,possible_teaching_material_no_confirmed_course,"tekoäly; tekoaly; webinaari","Materiaalissa on opetukseen tai oppimiseen liittyviä tunnisteita (tekoäly, tekoaly, webinaari), mutta kurssikoodia tai lähdeaineiston mukaista kurssinimeä ei löytynyt."
slideshare,"""Digital enabled learning"" (Arctic frontiers speech 2020)",2020-02-18,https://www.slideshare.net/slideshow/digital-enabled-learning-arctic-frontiers-speech-2020/228552429,src/presentations/ss-digital-enabled-learning-arctic-frontiers-speech-2020.md,possible_teaching_material_no_confirmed_course,learning,"Materiaalissa on opetukseen tai oppimiseen liittyviä tunnisteita (learning), mutta kurssikoodia tai lähdeaineiston mukaista kurssinimeä ei löytynyt."
slideshare,"Are we currently moving from the age of mobolism to age of artificail intelligence, learning analytics and robotics? Yes were are! How to couple emerging technology with learning and teaching?",2019-03-11,https://www.slideshare.net/slideshow/are-we-currently-moving-from-the-age-of-mobilism-to-age-of-artificial-intelligence-learning-analytics-and-robotics-yes-we-arehow-to-couple-emergent-technology-with-learning-and-teaching/135625316,src/presentations/ss-are-we-currently-moving-from-the-age-of-mobolism-to-age-of-artificail-intelligen.md,possible_teaching_material_no_confirmed_course,learning,"Materiaalissa on opetukseen tai oppimiseen liittyviä tunnisteita (learning), mutta kurssikoodia tai lähdeaineiston mukaista kurssinimeä ei löytynyt."
slideshare,Social media as a tool for researchers,2018-07-05,https://www.slideshare.net/slideshow/social-media-as-a-tool-for-researchers/104399008,src/presentations/ss-social-media-as-a-tool-for-researchers.md,possible_teaching_material_no_confirmed_course,media,"Materiaalissa on opetukseen tai oppimiseen liittyviä tunnisteita (media), mutta kurssikoodia tai lähdeaineiston mukaista kurssinimeä ei löytynyt."
slideshare,Puheenvuoro RAKLI:n vierailulla: Teknologiatuettu oppiminen ja oppimisen uudet ympäristöt,2018-06-18,https://www.slideshare.net/slideshow/puheenvuoro-raklin-vierailulla-teknologiatuettu-oppiminen-ja-oppimisen-uudet-ympristt/102588039,src/presentations/ss-puheenvuoro-rakli-n-vierailulla-teknologiatuettu-oppiminen-ja-oppimisen-uudet-ym.md,possible_teaching_material_no_confirmed_course,"oppiminen; teknologiatuettu","Materiaalissa on opetukseen tai oppimiseen liittyviä tunnisteita (oppiminen, teknologiatuettu), mutta kurssikoodia tai lähdeaineiston mukaista kurssinimeä ei löytynyt."
slideshare,Lito2018 workshop arviointi suurilla verkkokursseilla,2018-05-28,https://www.slideshare.net/slideshow/lito2018-workshop-arviointi-suurilla-verkkokursseilla/99171640,src/presentations/ss-lito2018-workshop-arviointi-suurilla-verkkokursseilla.md,possible_teaching_material_no_confirmed_course,workshop,"Materiaalissa on opetukseen tai oppimiseen liittyviä tunnisteita (workshop), mutta kurssikoodia tai lähdeaineiston mukaista kurssinimeä ei löytynyt."
slideshare,Teknologiatuettu oppiminen ja opetus 4op - johdantoluento + digitalisaatio,2017-09-06,https://www.slideshare.net/slideshow/teknologiatuettu-oppiminen-ja-opetus-4op-johdantoluento-digitalisaatio/79479675,src/presentations/ss-teknologiatuettu-oppiminen-ja-opetus-4op-johdantoluento-digitalisaatio.md,possible_teaching_material_no_confirmed_course,"opetus; oppiminen; teknologiatuettu","Materiaalissa on opetukseen tai oppimiseen liittyviä tunnisteita (opetus, oppiminen, teknologiatuettu), mutta kurssikoodia tai lähdeaineiston mukaista kurssinimeä ei löytynyt."
slideshare,Teknologiatuettu oppiminen ja opetus - luento asiantuntijafoorumissa,2017-02-06,https://www.slideshare.net/slideshow/teknologiatuettu-oppiminen-ja-opetus-luento-asiantuntijafoorumissa/71802225,src/presentations/ss-teknologiatuettu-oppiminen-ja-opetus-luento-asiantuntijafoorumissa.md,possible_teaching_material_no_confirmed_course,"luento; opetus; oppiminen; teknologiatuettu","Materiaalissa on opetukseen tai oppimiseen liittyviä tunnisteita (luento, opetus, oppiminen, teknologiatuettu), mutta kurssikoodia tai lähdeaineiston mukaista kurssinimeä ei löytynyt."
slideshare,Luento 1: ilmiöstä,2016-01-11,https://www.slideshare.net/slideshow/luento-1-ilmist/56928812,src/presentations/ss-luento-1-ilmiosta.md,possible_teaching_material_no_confirmed_course,luento,"Materiaalissa on opetukseen tai oppimiseen liittyviä tunnisteita (luento), mutta kurssikoodia tai lähdeaineiston mukaista kurssinimeä ei löytynyt."
slideshare,Wrap up luento (dime 2015),2015-05-05,https://www.slideshare.net/slideshow/wrap-up-luento-dime-2015/47760384,src/presentations/ss-wrap-up-luento-dime-2015.md,possible_teaching_material_no_confirmed_course,luento,"Materiaalissa on opetukseen tai oppimiseen liittyviä tunnisteita (luento), mutta kurssikoodia tai lähdeaineiston mukaista kurssinimeä ei löytynyt."
slideshare,Mobiililaitteilla tuettu oppiminen (BYOD): miten suunnitella tämän vuosisadan ydintaitoja tukevaa osaamisen kehittämistä?,2015-03-26,https://www.slideshare.net/slideshow/webinari-esitysrapo/46310032,src/presentations/ss-mobiililaitteilla-tuettu-oppiminen-byod-miten-suunnitella-taman-vuosisadan-ydint.md,possible_teaching_material_no_confirmed_course,oppiminen,"Materiaalissa on opetukseen tai oppimiseen liittyviä tunnisteita (oppiminen), mutta kurssikoodia tai lähdeaineiston mukaista kurssinimeä ei löytynyt."
slideshare,Teknologia ja monilukutaito – merkittävä osa tämän vuosisadan ydintaitoja,2015-02-07,https://www.slideshare.net/slideshow/sukol2015seinajoki-44375884/44375884,src/presentations/ss-teknologia-ja-monilukutaito-merkittava-osa-taman-vuosisadan-ydintaitoja.md,possible_teaching_material_no_confirmed_course,monilukutaito,"Materiaalissa on opetukseen tai oppimiseen liittyviä tunnisteita (monilukutaito), mutta kurssikoodia tai lähdeaineiston mukaista kurssinimeä ei löytynyt."
slideshare,"Luentosali II: 2000-luvun taidot & luento, mahdollista? Kyllä.",2014-11-30,https://www.slideshare.net/slideshow/luentosali-ii-2000luvun-taidot-luento-mahdollista-kyll/42187867,src/presentations/ss-luentosali-ii-2000-luvun-taidot-luento-mahdollista-kylla.md,possible_teaching_material_no_confirmed_course,luento,"Materiaalissa on opetukseen tai oppimiseen liittyviä tunnisteita (luento), mutta kurssikoodia tai lähdeaineiston mukaista kurssinimeä ei löytynyt."
slideshare,Tutkija ja sosiaalinen media,2014-11-21,https://www.slideshare.net/slideshow/tutkija-ja-sosiaalinen-media/41848237,src/presentations/ss-tutkija-ja-sosiaalinen-media.md,possible_teaching_material_no_confirmed_course,media,"Materiaalissa on opetukseen tai oppimiseen liittyviä tunnisteita (media), mutta kurssikoodia tai lähdeaineiston mukaista kurssinimeä ei löytynyt."
slideshare,The role and importance of social media in science,2014-10-10,https://www.slideshare.net/slideshow/the-role-and-importance-of-social-media-in-science/40101721,src/presentations/ss-the-role-and-importance-of-social-media-in-science.md,possible_teaching_material_no_confirmed_course,media,"Materiaalissa on opetukseen tai oppimiseen liittyviä tunnisteita (media), mutta kurssikoodia tai lähdeaineiston mukaista kurssinimeä ei löytynyt."
slideshare,LUENTO 3: TPACK-taidot – teknologiatuettu oppiminen ja opetus,2014-09-02,https://www.slideshare.net/slideshow/luento-3-tpacktaidot-teknologiatuettu-oppiminen-ja-opetus/38595557,src/presentations/ss-luento-3-tpack-taidot-teknologiatuettu-oppiminen-ja-opetus.md,possible_teaching_material_no_confirmed_course,"luento; opetus; oppiminen; teknologiatuettu","Materiaalissa on opetukseen tai oppimiseen liittyviä tunnisteita (luento, opetus, oppiminen, teknologiatuettu), mutta kurssikoodia tai lähdeaineiston mukaista kurssinimeä ei löytynyt."
slideshare,Professional use of social media (web2.0),2014-05-21,https://www.slideshare.net/slideshow/professional-use-of-social-media-web20/34945863,src/presentations/ss-professional-use-of-social-media-web2-0.md,possible_teaching_material_no_confirmed_course,media,"Materiaalissa on opetukseen tai oppimiseen liittyviä tunnisteita (media), mutta kurssikoodia tai lähdeaineiston mukaista kurssinimeä ei löytynyt."
slideshare,Tämän vuosituhannen ydintaidot ja teknologian opetus- ja oppimiskäyttö,2014-04-04,https://www.slideshare.net/slideshow/tmn-vuosituhannen-ydintaidot-ja-teknologian-opetus-ja-oppimiskytt/33125143,src/presentations/ss-taman-vuosituhannen-ydintaidot-ja-teknologian-opetus-ja-oppimiskaytto.md,possible_teaching_material_no_confirmed_course,opetus,"Materiaalissa on opetukseen tai oppimiseen liittyviä tunnisteita (opetus), mutta kurssikoodia tai lähdeaineiston mukaista kurssinimeä ei löytynyt."
slideshare,Luento II: Yhteisöllinen ongelmalähtöinen oppiminen,2014-03-17,https://www.slideshare.net/slideshow/voot-luento2/32397040,src/presentations/ss-luento-ii-yhteisollinen-ongelmalahtoinen-oppiminen.md,possible_teaching_material_no_confirmed_course,"luento; oppiminen","Materiaalissa on opetukseen tai oppimiseen liittyviä tunnisteita (luento, oppiminen), mutta kurssikoodia tai lähdeaineiston mukaista kurssinimeä ei löytynyt."
slideshare,Opettajien orientoivia tvt-opintoja kehittämässä. CASE: Oulun yliopisto,2013-11-21,https://www.slideshare.net/slideshow/kt-paivat-2013/28483217,src/presentations/ss-opettajien-orientoivia-tvt-opintoja-kehittamassa-case-oulun-yliopisto.md,possible_teaching_material_no_confirmed_course,tvt,"Materiaalissa on opetukseen tai oppimiseen liittyviä tunnisteita (tvt), mutta kurssikoodia tai lähdeaineiston mukaista kurssinimeä ei löytynyt."
slideshare,Teknologiatuettu oppiminen - luksia.,2013-11-06,https://www.slideshare.net/slideshow/teknologiatuettu-oppiminen-luksia/27954193,src/presentations/ss-teknologiatuettu-oppiminen-luksia.md,possible_teaching_material_no_confirmed_course,"oppiminen; teknologiatuettu","Materiaalissa on opetukseen tai oppimiseen liittyviä tunnisteita (oppiminen, teknologiatuettu), mutta kurssikoodia tai lähdeaineiston mukaista kurssinimeä ei löytynyt."
slideshare,"Teknologia, oppiminen ja osaaminen yhteiskunnassa - uudet teknologiat isännän vai rengin roolissa",2013-02-21,https://www.slideshare.net/slideshow/teknologia-oppiminen-ja-osaaminen-yhteiskunnassa-uudet-teknologiat-isnnn-vai-rengin-roolissa/16672046,src/presentations/ss-teknologia-oppiminen-ja-osaaminen-yhteiskunnassa-uudet-teknologiat-isannan-vai-r.md,possible_teaching_material_no_confirmed_course,"luento; opetus; oppiminen; materiaali","Materiaalissa on opetukseen tai oppimiseen liittyviä tunnisteita (luento, opetus, oppiminen, materiaali), mutta kurssikoodia tai lähdeaineiston mukaista kurssinimeä ei löytynyt."
slideshare,"Luento 5: Tietotekniiikan opetuskäytön suunnittelu (ääni ei ole synkassa diojen kanssa, kiitos slidesharen)",2012-09-20,https://www.slideshare.net/slideshow/luento-5-tietotekniiikan-opetuskytn-suunnittelu/14847181,src/presentations/ss-luento-5-tietotekniiikan-opetuskayton-suunnittelu-aani-ei-ole-synkassa-diojen-ka.md,possible_teaching_material_no_confirmed_course,luento,"Materiaalissa on opetukseen tai oppimiseen liittyviä tunnisteita (luento), mutta kurssikoodia tai lähdeaineiston mukaista kurssinimeä ei löytynyt."
slideshare,"Luento 4: Oppimisen uudet mallit ja teoriat (diat ja ääni eivät ole synkassa, kiitos siitä slidesharelle)",2012-09-11,https://www.slideshare.net/slideshow/luento-4-oppimisen-uudet-mallit-ja-teoriat/14244953,src/presentations/ss-luento-4-oppimisen-uudet-mallit-ja-teoriat-diat-ja-aani-eivat-ole-synkassa-kiito.md,possible_teaching_material_no_confirmed_course,luento,"Materiaalissa on opetukseen tai oppimiseen liittyviä tunnisteita (luento), mutta kurssikoodia tai lähdeaineiston mukaista kurssinimeä ei löytynyt."
slideshare,Scaffolding learning activities in real life contexts with collaborative scripts and mobile computers,2012-04-25,https://www.slideshare.net/slideshow/laru-thesisintro2012/12684734,src/presentations/ss-scaffolding-learning-activities-in-real-life-contexts-with-collaborative-scripts.md,possible_teaching_material_no_confirmed_course,learning,"Materiaalissa on opetukseen tai oppimiseen liittyviä tunnisteita (learning), mutta kurssikoodia tai lähdeaineiston mukaista kurssinimeä ei löytynyt."
slideshare,Luento: Powerpoint harjoitus,2011-12-12,https://www.slideshare.net/slideshow/powerpoint-harjoitus/10557979,src/presentations/ss-luento-powerpoint-harjoitus.md,possible_teaching_material_no_confirmed_course,luento,"Materiaalissa on opetukseen tai oppimiseen liittyviä tunnisteita (luento), mutta kurssikoodia tai lähdeaineiston mukaista kurssinimeä ei löytynyt."
slideshare,Mobiilioppimisesta - About Mobile learning,2011-10-06,https://www.slideshare.net/slideshow/mobiilioppimisesta-about-mobile-learning/9581844,src/presentations/ss-mobiilioppimisesta-about-mobile-learning.md,possible_teaching_material_no_confirmed_course,learning,"Materiaalissa on opetukseen tai oppimiseen liittyviä tunnisteita (learning), mutta kurssikoodia tai lähdeaineiston mukaista kurssinimeä ei löytynyt."
slideshare,"405514Y Multimedia as a Learning Project, 3 c",2011-02-17,https://www.slideshare.net/slideshow/405514y-multimedia-as-a-learning-project-3-c/6958208,src/presentations/ss-405514y-multimedia-as-a-learning-project-3-c.md,possible_teaching_material_no_confirmed_course,"multimedia; learning","Materiaalissa on opetukseen tai oppimiseen liittyviä tunnisteita (multimedia, learning), mutta kurssikoodia tai lähdeaineiston mukaista kurssinimeä ei löytynyt."
slideshare,TVT opetuskäytön historiaa [finnish],2010-10-05,https://www.slideshare.net/slideshow/tvt-opetuskytn-historiaa-finnish/5361471,src/presentations/ss-tvt-opetuskayton-historiaa-finnish.md,possible_teaching_material_no_confirmed_course,tvt,"Materiaalissa on opetukseen tai oppimiseen liittyviä tunnisteita (tvt), mutta kurssikoodia tai lähdeaineiston mukaista kurssinimeä ei löytynyt."
slideshare,Oppiminen Ja Vuorovaikutus,2009-11-19,https://www.slideshare.net/slideshow/oppiminen-ja-vuorovaikutus/2537550,src/presentations/ss-oppiminen-ja-vuorovaikutus.md,possible_teaching_material_no_confirmed_course,oppiminen,"Materiaalissa on opetukseen tai oppimiseen liittyviä tunnisteita (oppiminen), mutta kurssikoodia tai lähdeaineiston mukaista kurssinimeä ei löytynyt."
slideshare,Sosiaalinen media opetuskäytössä,2009-11-19,https://www.slideshare.net/slideshow/sosiaalinen-media-opetuskytss/2537603,src/presentations/ss-sosiaalinen-media-opetuskaytossa.md,possible_teaching_material_no_confirmed_course,media,"Materiaalissa on opetukseen tai oppimiseen liittyviä tunnisteita (media), mutta kurssikoodia tai lähdeaineiston mukaista kurssinimeä ei löytynyt."
slideshare,Sosiaalinen media ja sen sovellutukset - koulutusteknologin näkökulma medialasien läpi katsottuna,2009-05-05,https://www.slideshare.net/slideshow/sosiaalinen-media-ja-sen-sovellutukset-koulutusteknologin-nkkulma-medialasien-lpi-katsottuna/1386778,src/presentations/ss-sosiaalinen-media-ja-sen-sovellutukset-koulutusteknologin-nakokulma-medialasien-.md,possible_teaching_material_no_confirmed_course,media,"Materiaalissa on opetukseen tai oppimiseen liittyviä tunnisteita (media), mutta kurssikoodia tai lähdeaineiston mukaista kurssinimeä ei löytynyt."
slideshare,TVT-opetuskäytön historiaa: visionääreistä web2.0:n aikakauteen,2008-11-12,https://www.slideshare.net/slideshow/tvtopetuskytn-historiaa-visionreist-web20n-aikakauteen-presentation/744528,src/presentations/ss-tvt-opetuskayton-historiaa-visionaareista-web2-0-n-aikakauteen.md,possible_teaching_material_no_confirmed_course,tvt,"Materiaalissa on opetukseen tai oppimiseen liittyviä tunnisteita (tvt), mutta kurssikoodia tai lähdeaineiston mukaista kurssinimeä ei löytynyt."
